"time","chasis.delta"
0,0
0.01,0
0.02,0
0.03,0
0.04,0
0.05,0
0.06,0
0.07,0
0.08,0
0.09,0
0.1,0
0.11,0
0.12,0
0.13,0
0.14,0
0.15,0
0.16,0
0.17,0
0.18,0
0.19,0
0.2,0
0.21,0
0.22,0
0.23,0
0.24,0
0.25,0
0.26,0
0.27,0
0.28,0
0.29,0
0.3,0
0.31,0
0.32,0
0.33,0
0.34,0
0.35,0
0.36,0
0.37,0
0.38,0
0.39,0
0.4,0
0.41,0
0.42,0
0.43,0
0.44,0
0.45,0
0.46,0
0.47,0
0.48,0
0.49,0
0.5,0
0.51,0
0.52,0
0.53,0
0.54,0
0.55,0
0.56,0
0.57,0
0.58,0
0.59,0
0.6,0
0.61,0
0.62,0
0.63,0
0.64,0
0.65,0
0.66,0
0.67,0
0.68,0
0.69,0
0.7,0
0.71,0
0.72,0
0.73,0
0.74,0
0.75,0
0.76,0
0.77,0
0.78,0
0.79,0
0.8,0
0.81,0
0.82,0
0.83,0
0.84,0
0.85,0
0.86,0
0.87,0
0.88,0
0.89,0
0.9,0
0.91,0
0.92,0
0.93,0
0.94,0
0.95,0
0.96,0
0.97,0
0.98,0
0.99,0
1,0
1.01,0
1.02,0
1.03,0
1.04,0
1.05,0
1.06,0
1.07,0
1.08,0
1.09,0
1.1,0
1.11,0
1.12,0
1.13,0
1.14,0
1.15,0
1.16,0
1.17,0
1.18,0
1.19,0
1.2,0
1.21,0
1.22,0
1.23,0
1.24,0
1.25,0
1.26,0
1.27,0
1.28,0
1.29,0
1.3,0
1.31,0
1.32,0
1.33,0
1.34,0
1.35,0
1.36,0
1.37,0
1.38,0
1.39,0
1.4,0
1.41,0
1.42,0
1.43,0
1.44,0
1.45,0
1.46,0
1.47,0
1.48,0
1.49,0
1.5,0
1.51,0
1.52,0
1.53,0
1.54,0
1.55,0
1.56,0
1.57,0
1.58,0
1.59,0
1.6,0
1.61,0
1.62,0
1.63,0
1.64,0
1.65,0
1.66,0
1.67,0
1.68,0
1.69,0
1.7,0
1.71,0
1.72,0
1.73,0
1.74,0
1.75,0
1.76,0
1.77,0
1.78,0
1.79,0
1.8,0
1.81,0
1.82,0
1.83,0
1.84,0
1.85,0
1.86,0
1.87,0
1.88,0
1.89,0
1.9,0
1.91,0
1.92,0
1.93,0
1.94,0
1.95,0
1.96,0
1.97,0
1.98,0
1.99,0
2,0
2,0
2,3.000089066063083e-10
2.01,0.009999999999999787
2.02,0.02000000000000002
2.03,0.0299999999999998
2.04,0.04000000000000004
2.05,0.04999999999999982
2.06,0.06000000000000005
2.07,0.06999999999999984
2.08,0.08000000000000007
2.09,0.08999999999999986
2.1,0.1000000000000001
2.11,0.1099999999999999
2.12,0.1199999999999997
2.13,0.1299999999999999
2.14,0.1399999999999997
2.15,0.1499999999999999
2.16,0.1599999999999997
2.17,0.1699999999999999
2.18,0.1799999999999997
2.19,0.1899999999999999
2.2,0.2000000000000002
2.21,0.21
2.22,0.2199999999999998
2.23,0.2299999999999995
2.24,0.2400000000000002
2.25,0.25
2.26,0.2599999999999998
2.27,0.27
2.28,0.2799999999999998
2.29,0.29
2.3,0.2999999999999998
2.31,0.3100000000000001
2.32,0.3199999999999998
2.33,0.3299999999999996
2.34,0.3400000000000003
2.35,0.3500000000000001
2.36,0.3599999999999999
2.37,0.3699999999999997
2.38,0.3799999999999999
2.39,0.3900000000000001
2.4,0.3999999999999999
2.41,0.4099999999999997
2.42,0.4199999999999999
2.43,0.4299999999999997
2.44,0.4399999999999999
2.45,0.4500000000000002
2.46,0.46
2.47,0.4699999999999998
2.48,0.4799999999999995
2.49,0.4900000000000002
2.5,0.5
2.51,0.5099999999999998
2.52,0.52
2.53,0.5299999999999998
2.54,0.54
2.55,0.5499999999999998
2.56,0.5600000000000001
2.57,0.5699999999999998
2.58,0.5799999999999996
2.59,0.5900000000000003
2.6,0.6000000000000001
2.61,0.6099999999999999
2.62,0.6199999999999997
2.63,0.6299999999999999
2.64,0.6400000000000001
2.65,0.6499999999999999
2.66,0.6599999999999997
2.67,0.6699999999999999
2.68,0.6799999999999997
2.69,0.6899999999999999
2.7,0.7000000000000002
2.71,0.71
2.72,0.7199999999999998
2.73,0.7299999999999995
2.74,0.7400000000000002
2.75,0.75
2.76,0.7599999999999998
2.77,0.77
2.78,0.7799999999999998
2.79,0.79
2.8,0.7999999999999998
2.81,0.8100000000000001
2.82,0.8199999999999998
2.83,0.8299999999999996
2.84,0.8400000000000003
2.85,0.8500000000000001
2.86,0.8599999999999999
2.87,0.8699999999999997
2.88,0.8799999999999999
2.89,0.8900000000000001
2.9,0.8999999999999999
2.91,0.9099999999999997
2.92,0.9199999999999999
2.93,0.9299999999999997
2.94,0.9399999999999999
2.95,0.9500000000000002
2.96,0.96
2.97,0.9699999999999998
2.98,0.9799999999999995
2.99,0.9900000000000002
3,1
3.01,1.01
3.02,1.02
3.03,1.03
3.04,1.04
3.05,1.05
3.06,1.06
3.07,1.07
3.08,1.08
3.09,1.09
3.1,1.1
3.11,1.11
3.12,1.12
3.13,1.13
3.14,1.14
3.15,1.15
3.16,1.16
3.17,1.17
3.18,1.18
3.19,1.19
3.2,1.2
3.21,1.21
3.22,1.22
3.23,1.23
3.24,1.24
3.25,1.25
3.26,1.26
3.27,1.27
3.28,1.28
3.29,1.29
3.3,1.3
3.31,1.31
3.32,1.32
3.33,1.33
3.34,1.34
3.35,1.35
3.36,1.36
3.37,1.37
3.38,1.38
3.39,1.39
3.4,1.4
3.41,1.41
3.42,1.42
3.43,1.43
3.44,1.44
3.45,1.45
3.46,1.46
3.47,1.47
3.48,1.48
3.49,1.49
3.5,1.5
3.51,1.51
3.52,1.52
3.53,1.53
3.54,1.54
3.55,1.55
3.56,1.56
3.57,1.57
3.58,1.58
3.59,1.59
3.6,1.6
3.61,1.61
3.62,1.62
3.63,1.63
3.64,1.64
3.65,1.65
3.66,1.66
3.67,1.67
3.68,1.68
3.69,1.69
3.7,1.7
3.71,1.71
3.72,1.72
3.73,1.73
3.74,1.74
3.75,1.75
3.76,1.76
3.77,1.77
3.78,1.78
3.79,1.79
3.8,1.8
3.81,1.81
3.82,1.82
3.83,1.83
3.84,1.839999999999999
3.85,1.85
3.86,1.86
3.87,1.87
3.88,1.88
3.89,1.89
3.9,1.9
3.91,1.91
3.92,1.92
3.93,1.93
3.94,1.94
3.95,1.95
3.96,1.96
3.97,1.97
3.98,1.98
3.99,1.99
4,2
4,2.000000000500038
4,2
4.01,2
4.02,2
4.03,2
4.04,2
4.05,2
4.06,2
4.07,2
4.08,2
4.09,2
4.1,2
4.11,2
4.12,2
4.13,2
4.14,2
4.15,2
4.16,2
4.17,2
4.18,2
4.19,2
4.2,2
4.21,2
4.22,2
4.23,2
4.24,2
4.25,2
4.26,2
4.27,2
4.28,2
4.29,2
4.3,2
4.31,2
4.32,2
4.33,2
4.34,2
4.35,2
4.36,2
4.37,2
4.38,2
4.39,2
4.4,2
4.41,2
4.42,2
4.43,2
4.44,2
4.45,2
4.46,2
4.47,2
4.48,2
4.49,2
4.5,2
4.51,2
4.52,2
4.53,2
4.54,2
4.55,2
4.56,2
4.57,2
4.58,2
4.59,2
4.6,2
4.61,2
4.62,2
4.63,2
4.64,2
4.65,2
4.66,2
4.67,2
4.68,2
4.69,2
4.7,2
4.71,2
4.72,2
4.73,2
4.74,2
4.75,2
4.76,2
4.77,2
4.78,2
4.79,2
4.8,2
4.81,2
4.82,2
4.83,2
4.84,2
4.85,2
4.86,2
4.87,2
4.88,2
4.89,2
4.9,2
4.91,2
4.92,2
4.93,2
4.94,2
4.95,2
4.96,2
4.97,2
4.98,2
4.99,2
5,2
5.01,2
5.02,2
5.03,2
5.04,2
5.05,2
5.06,2
5.07,2
5.08,2
5.09,2
5.1,2
5.11,2
5.12,2
5.13,2
5.14,2
5.15,2
5.16,2
5.17,2
5.18,2
5.19,2
5.2,2
5.21,2
5.22,2
5.23,2
5.24,2
5.25,2
5.26,2
5.27,2
5.28,2
5.29,2
5.3,2
5.31,2
5.32,2
5.33,2
5.34,2
5.35,2
5.36,2
5.37,2
5.38,2
5.39,2
5.4,2
5.41,2
5.42,2
5.43,2
5.44,2
5.45,2
5.46,2
5.47,2
5.48,2
5.49,2
5.5,2
5.51,2
5.52,2
5.53,2
5.54,2
5.55,2
5.56,2
5.57,2
5.58,2
5.59,2
5.6,2
5.61,2
5.62,2
5.63,2
5.64,2
5.65,2
5.66,2
5.67,2
5.68,2
5.69,2
5.7,2
5.71,2
5.72,2
5.73,2
5.74,2
5.75,2
5.76,2
5.77,2
5.78,2
5.79,2
5.8,2
5.81,2
5.82,2
5.83,2
5.84,2
5.85,2
5.86,2
5.87,2
5.88,2
5.89,2
5.9,2
5.91,2
5.92,2
5.93,2
5.94,2
5.95,2
5.96,2
5.97,2
5.98,2
5.99,2
6,2
6,2
6,1.999999999299927
6.01,1.99
6.02,1.98
6.03,1.97
6.04,1.96
6.05,1.95
6.06,1.94
6.07,1.930000000000001
6.08,1.92
6.09,1.91
6.1,1.9
6.11,1.890000000000001
6.12,1.88
6.13,1.87
6.14,1.86
6.15,1.85
6.16,1.840000000000001
6.17,1.83
6.18,1.819999999999999
6.19,1.81
6.2,1.8
6.21,1.790000000000001
6.22,1.78
6.23,1.77
6.24,1.760000000000001
6.25,1.75
6.26,1.74
6.27,1.73
6.28,1.72
6.29,1.71
6.3,1.7
6.31,1.69
6.32,1.680000000000001
6.33,1.67
6.34,1.66
6.35,1.65
6.36,1.640000000000001
6.37,1.63
6.38,1.62
6.39,1.61
6.4,1.6
6.41,1.590000000000001
6.42,1.58
6.43,1.569999999999999
6.44,1.56
6.45,1.55
6.46,1.540000000000001
6.47,1.53
6.48,1.52
6.49,1.510000000000001
6.5,1.5
6.51,1.49
6.52,1.48
6.53,1.47
6.54,1.46
6.55,1.45
6.56,1.44
6.57,1.430000000000001
6.58,1.42
6.59,1.41
6.6,1.4
6.61,1.390000000000001
6.62,1.38
6.63,1.37
6.64,1.36
6.65,1.35
6.66,1.340000000000001
6.67,1.33
6.68,1.319999999999999
6.69,1.31
6.7,1.3
6.71,1.290000000000001
6.72,1.28
6.73,1.27
6.74,1.260000000000001
6.75,1.25
6.76,1.24
6.77,1.23
6.78,1.22
6.79,1.21
6.8,1.2
6.81,1.19
6.82,1.180000000000001
6.83,1.17
6.84,1.16
6.85,1.15
6.86,1.140000000000001
6.87,1.13
6.88,1.12
6.89,1.11
6.9,1.1
6.91,1.090000000000001
6.92,1.08
6.93,1.069999999999999
6.94,1.06
6.95,1.05
6.96,1.040000000000001
6.97,1.03
6.98,1.02
6.99,1.010000000000001
7,1
7.01,0.9900000000000002
7.02,0.9800000000000004
7.03,0.9699999999999998
7.04,0.96
7.05,0.9500000000000002
7.06,0.9400000000000004
7.07,0.9300000000000006
7.08,0.9199999999999999
7.09,0.9100000000000001
7.1,0.9000000000000004
7.11,0.8900000000000006
7.12,0.8799999999999999
7.13,0.8700000000000001
7.14,0.8600000000000003
7.15,0.8499999999999996
7.16,0.8400000000000007
7.17,0.8300000000000001
7.18,0.8199999999999994
7.19,0.8100000000000005
7.2,0.7999999999999998
7.21,0.7900000000000009
7.22,0.7800000000000002
7.23,0.7699999999999996
7.24,0.7600000000000007
7.25,0.75
7.26,0.7400000000000002
7.27,0.7300000000000004
7.28,0.7199999999999998
7.29,0.71
7.3,0.7000000000000002
7.31,0.6900000000000004
7.32,0.6800000000000006
7.33,0.6699999999999999
7.34,0.6600000000000001
7.35,0.6500000000000004
7.36,0.6400000000000006
7.37,0.6299999999999999
7.38,0.6200000000000001
7.39,0.6100000000000003
7.4,0.5999999999999996
7.41,0.5900000000000007
7.42,0.5800000000000001
7.43,0.5699999999999994
7.44,0.5600000000000005
7.45,0.5499999999999998
7.46,0.5400000000000009
7.47,0.5300000000000002
7.48,0.5199999999999996
7.49,0.5100000000000007
7.5,0.5
7.51,0.4900000000000002
7.52,0.4800000000000004
7.53,0.4699999999999998
7.54,0.46
7.55,0.4500000000000002
7.56,0.4400000000000004
7.57,0.4300000000000006
7.58,0.4199999999999999
7.59,0.4100000000000001
7.6,0.4000000000000004
7.61,0.3900000000000006
7.62,0.3799999999999999
7.63,0.3700000000000001
7.64,0.3600000000000003
7.65,0.3499999999999996
7.66,0.3400000000000007
7.67,0.3300000000000001
7.68,0.3200000000000012
7.69,0.3100000000000005
7.7,0.2999999999999998
7.71,0.2900000000000009
7.72,0.2800000000000002
7.73,0.2700000000000005
7.74,0.2600000000000007
7.75,0.25
7.76,0.2400000000000002
7.77,0.2300000000000004
7.78,0.2200000000000006
7.79,0.21
7.8,0.2000000000000002
7.81,0.1900000000000004
7.82,0.1800000000000006
7.83,0.1700000000000008
7.84,0.1600000000000001
7.85,0.1500000000000004
7.86,0.1400000000000006
7.87,0.1299999999999999
7.88,0.120000000000001
7.89,0.1100000000000003
7.9,0.09999999999999964
7.91,0.09000000000000075
7.92,0.08000000000000007
7.93,0.07000000000000117
7.94,0.0600000000000005
7.95,0.04999999999999982
7.96,0.04000000000000092
7.97,0.03000000000000025
7.98,0.02000000000000046
7.99,0.01000000000000068
8,0
8,-9.237055564881302e-14
8,-9.237055564881302e-14
8,-9.001315248724495e-10
8,0
8.01,0
8.02,0
8.03,0
8.04,0
8.05,0
8.06,0
8.07,0
8.08,0
8.09,0
8.1,0
8.11,0
8.12,0
8.13,0
8.14,0
8.15,0
8.16,0
8.17,0
8.18,0
8.19,0
8.2,0
8.21,0
8.22,0
8.23,0
8.24,0
8.25,0
8.26,0
8.27,0
8.28,0
8.29,0
8.3,0
8.31,0
8.32,0
8.33,0
8.34,0
8.35,0
8.36,0
8.37,0
8.38,0
8.39,0
8.4,0
8.41,0
8.42,0
8.43,0
8.44,0
8.45,0
8.46,0
8.47,0
8.48,0
8.49,0
8.5,0
8.51,0
8.52,0
8.53,0
8.54,0
8.55,0
8.56,0
8.57,0
8.58,0
8.59,0
8.6,0
8.61,0
8.62,0
8.63,0
8.64,0
8.65,0
8.66,0
8.67,0
8.68,0
8.69,0
8.7,0
8.71,0
8.72,0
8.73,0
8.74,0
8.75,0
8.76,0
8.77,0
8.78,0
8.79,0
8.8,0
8.81,0
8.82,0
8.83,0
8.84,0
8.85,0
8.86,0
8.87,0
8.88,0
8.89,0
8.9,0
8.91,0
8.92,0
8.93,0
8.94,0
8.95,0
8.96,0
8.97,0
8.98,0
8.99,0
9,0
9.01,0
9.02,0
9.03,0
9.04,0
9.05,0
9.06,0
9.07,0
9.08,0
9.09,0
9.1,0
9.11,0
9.12,0
9.13,0
9.14,0
9.15,0
9.16,0
9.17,0
9.18,0
9.19,0
9.2,0
9.21,0
9.22,0
9.23,0
9.24,0
9.25,0
9.26,0
9.27,0
9.28,0
9.29,0
9.3,0
9.31,0
9.32,0
9.33,0
9.34,0
9.35,0
9.36,0
9.37,0
9.38,0
9.39,0
9.4,0
9.41,0
9.42,0
9.43,0
9.44,0
9.45,0
9.46,0
9.47,0
9.48,0
9.49,0
9.5,0
9.51,0
9.52,0
9.53,0
9.54,0
9.55,0
9.56,0
9.57,0
9.58,0
9.59,0
9.6,0
9.61,0
9.62,0
9.63,0
9.64,0
9.65,0
9.66,0
9.67,0
9.68,0
9.69,0
9.7,0
9.71,0
9.72,0
9.73,0
9.74,0
9.75,0
9.76,0
9.77,0
9.78,0
9.79,0
9.8,0
9.81,0
9.82,0
9.83,0
9.84,0
9.85,0
9.86,0
9.87,0
9.88,0
9.89,0
9.9,0
9.91,0
9.92,0
9.93,0
9.94,0
9.95,0
9.96,0
9.97,0
9.98,0
9.99,0
10,0
10,0
10,-2.750340399870765e-09
10.01,-0.02499999999999858
10.02,-0.04999999999999716
10.03,-0.07499999999999929
10.04,-0.09999999999999787
10.05,-0.125
10.06,-0.1500000000000021
10.07,-0.1749999999999972
10.08,-0.1999999999999993
10.09,-0.2250000000000014
10.1,-0.25
10.11,-0.2750000000000021
10.12,-0.2999999999999972
10.13,-0.3249999999999957
10.14,-0.3499999999999979
10.15,-0.375
10.16,-0.3999999999999986
10.17,-0.4249999999999972
10.18,-0.4499999999999993
10.19,-0.4749999999999979
10.2,-0.5
10.21,-0.5250000000000021
10.22,-0.5499999999999972
10.23,-0.5749999999999957
10.24,-0.6000000000000014
10.25,-0.625
10.26,-0.6499999999999986
10.27,-0.6749999999999972
10.28,-0.6999999999999993
10.29,-0.7249999999999979
10.3,-0.75
10.31,-0.7750000000000021
10.32,-0.7999999999999972
10.33,-0.8249999999999993
10.34,-0.8500000000000014
10.35,-0.875
10.36,-0.9000000000000021
10.37,-0.9249999999999972
10.38,-0.9499999999999957
10.39,-0.9749999999999979
10.4,-1
10.41,-1.024999999999999
10.42,-1.049999999999997
10.43,-1.074999999999999
10.44,-1.099999999999998
10.45,-1.125
10.46,-1.150000000000002
10.47,-1.174999999999997
10.48,-1.199999999999996
10.49,-1.225000000000001
10.5,-1.25
10.51,-1.274999999999999
10.52,-1.299999999999997
10.53,-1.324999999999999
10.54,-1.349999999999998
10.55,-1.375
10.56,-1.400000000000002
10.57,-1.424999999999997
10.58,-1.449999999999999
10.59,-1.475000000000001
10.6,-1.5
10.61,-1.525000000000002
10.62,-1.549999999999997
10.63,-1.574999999999996
10.64,-1.599999999999998
10.65,-1.625
10.66,-1.649999999999999
10.67,-1.674999999999997
10.68,-1.699999999999999
10.69,-1.724999999999998
10.7,-1.75
10.71,-1.775000000000002
10.72,-1.799999999999997
10.73,-1.824999999999996
10.74,-1.850000000000001
10.75,-1.875
10.76,-1.899999999999999
10.77,-1.924999999999997
10.78,-1.949999999999999
10.79,-1.974999999999998
10.8,-2
10.81,-2.025000000000002
10.82,-2.049999999999997
10.83,-2.074999999999999
10.84,-2.100000000000001
10.85,-2.125
10.86,-2.150000000000002
10.87,-2.174999999999997
10.88,-2.199999999999996
10.89,-2.224999999999998
10.9,-2.25
10.91,-2.274999999999999
10.92,-2.299999999999997
10.93,-2.324999999999999
10.94,-2.349999999999998
10.95,-2.375
10.96,-2.400000000000002
10.97,-2.424999999999997
10.98,-2.449999999999996
10.99,-2.475000000000001
11,-2.5
11.01,-2.524999999999999
11.02,-2.549999999999997
11.03,-2.574999999999999
11.04,-2.599999999999998
11.05,-2.625
11.06,-2.650000000000002
11.07,-2.674999999999997
11.08,-2.699999999999999
11.09,-2.725000000000001
11.1,-2.75
11.11,-2.775000000000002
11.12,-2.799999999999997
11.13,-2.824999999999996
11.14,-2.849999999999998
11.15,-2.875
11.16,-2.899999999999999
11.17,-2.924999999999997
11.18,-2.949999999999999
11.19,-2.974999999999998
11.2,-3
11.21,-3.025000000000002
11.22,-3.049999999999997
11.23,-3.074999999999996
11.24,-3.100000000000001
11.25,-3.125
11.26,-3.149999999999999
11.27,-3.174999999999997
11.28,-3.199999999999999
11.29,-3.224999999999998
11.3,-3.25
11.31,-3.275000000000002
11.32,-3.299999999999997
11.33,-3.324999999999999
11.34,-3.350000000000001
11.35,-3.375
11.36,-3.400000000000002
11.37,-3.424999999999997
11.38,-3.449999999999996
11.39,-3.474999999999998
11.4,-3.5
11.41,-3.524999999999999
11.42,-3.549999999999997
11.43,-3.574999999999999
11.44,-3.599999999999998
11.45,-3.625
11.46,-3.650000000000002
11.47,-3.674999999999997
11.48,-3.699999999999996
11.49,-3.725000000000001
11.5,-3.75
11.51,-3.774999999999999
11.52,-3.799999999999997
11.53,-3.824999999999999
11.54,-3.849999999999998
11.55,-3.875
11.56,-3.900000000000002
11.57,-3.924999999999997
11.58,-3.949999999999999
11.59,-3.975000000000001
11.6,-4
11.61,-4.025000000000002
11.62,-4.049999999999997
11.63,-4.074999999999996
11.64,-4.099999999999998
11.65,-4.125
11.66,-4.149999999999999
11.67,-4.174999999999997
11.68,-4.199999999999999
11.69,-4.224999999999998
11.7,-4.25
11.71,-4.275000000000002
11.72,-4.299999999999997
11.73,-4.324999999999996
11.74,-4.350000000000001
11.75,-4.375
11.76,-4.399999999999999
11.77,-4.424999999999997
11.78,-4.449999999999999
11.79,-4.474999999999998
11.8,-4.5
11.81,-4.525000000000002
11.82,-4.549999999999997
11.83,-4.574999999999999
11.84,-4.600000000000001
11.85,-4.625
11.86,-4.650000000000002
11.87,-4.674999999999997
11.88,-4.699999999999996
11.89,-4.724999999999998
11.9,-4.75
11.91,-4.774999999999999
11.92,-4.799999999999997
11.93,-4.824999999999999
11.94,-4.849999999999998
11.95,-4.875
11.96,-4.900000000000002
11.97,-4.924999999999997
11.98,-4.949999999999996
11.99,-4.975000000000001
12,-5
12,-5.000000003250342
12,-5
12.01,-5
12.02,-5
12.03,-5
12.04,-5
12.05,-5
12.06,-5
12.07,-5
12.08,-5
12.09,-5
12.1,-5
12.11,-5
12.12,-5
12.13,-5
12.14,-5
12.15,-5
12.16,-5
12.17,-5
12.18,-5
12.19,-5
12.2,-5
12.21,-5
12.22,-5
12.23,-5
12.24,-5
12.25,-5
12.26,-5
12.27,-5
12.28,-5
12.29,-5
12.3,-5
12.31,-5
12.32,-5
12.33,-5
12.34,-5
12.35,-5
12.36,-5
12.37,-5
12.38,-5
12.39,-5
12.4,-5
12.41,-5
12.42,-5
12.43,-5
12.44,-5
12.45,-5
12.46,-5
12.47,-5
12.48,-5
12.49,-5
12.5,-5
12.51,-5
12.52,-5
12.53,-5
12.54,-5
12.55,-5
12.56,-5
12.57,-5
12.58,-5
12.59,-5
12.5988,-5
12.5988,-5
12.6,-5
12.61,-5
12.62,-5
12.63,-5
12.64,-5
12.65,-5
12.66,-5
12.67,-5
12.68,-5
12.69,-5
12.7,-5
12.71,-5
12.72,-5
12.73,-5
12.74,-5
12.75,-5
12.76,-5
12.77,-5
12.78,-5
12.79,-5
12.8,-5
12.81,-5
12.82,-5
12.83,-5
12.84,-5
12.85,-5
12.86,-5
12.87,-5
12.88,-5
12.89,-5
12.9,-5
12.91,-5
12.92,-5
12.93,-5
12.94,-5
12.95,-5
12.96,-5
12.97,-5
12.98,-5
12.99,-5
13,-5
13.01,-5
13.02,-5
13.03,-5
13.04,-5
13.05,-5
13.06,-5
13.07,-5
13.08,-5
13.09,-5
13.1,-5
13.11,-5
13.12,-5
13.13,-5
13.14,-5
13.15,-5
13.16,-5
13.17,-5
13.18,-5
13.19,-5
13.2,-5
13.21,-5
13.22,-5
13.23,-5
13.24,-5
13.25,-5
13.26,-5
13.27,-5
13.28,-5
13.29,-5
13.3,-5
13.31,-5
13.32,-5
13.33,-5
13.34,-5
13.35,-5
13.36,-5
13.37,-5
13.38,-5
13.39,-5
13.4,-5
13.41,-5
13.42,-5
13.43,-5
13.44,-5
13.45,-5
13.46,-5
13.47,-5
13.48,-5
13.49,-5
13.5,-5
13.51,-5
13.52,-5
13.53,-5
13.54,-5
13.55,-5
13.56,-5
13.57,-5
13.58,-5
13.59,-5
13.6,-5
13.61,-5
13.62,-5
13.63,-5
13.64,-5
13.65,-5
13.66,-5
13.67,-5
13.68,-5
13.69,-5
13.7,-5
13.71,-5
13.72,-5
13.73,-5
13.74,-5
13.75,-5
13.76,-5
13.77,-5
13.78,-5
13.79,-5
13.8,-5
13.81,-5
13.82,-5
13.83,-5
13.84,-5
13.85,-5
13.86,-5
13.87,-5
13.88,-5
13.89,-5
13.9,-5
13.91,-5
13.92,-5
13.93,-5
13.94,-5
13.95,-5
13.96,-5
13.97,-5
13.98,-5
13.99,-5
14,-5
14.01,-5
14.02,-5
14.03,-5
14.04,-5
14.05,-5
14.06,-5
14.07,-5
14.08,-5
14.09,-5
14.1,-5
14.11,-5
14.12,-5
14.13,-5
14.14,-5
14.15,-5
14.16,-5
14.17,-5
14.18,-5
14.19,-5
14.2,-5
14.21,-5
14.22,-5
14.23,-5
14.24,-5
14.25,-5
14.26,-5
14.27,-5
14.28,-5
14.29,-5
14.3,-5
14.31,-5
14.32,-5
14.33,-5
14.34,-5
14.35,-5
14.36,-5
14.37,-5
14.38,-5
14.39,-5
14.4,-5
14.41,-5
14.42,-5
14.43,-5
14.44,-5
14.45,-5
14.46,-5
14.47,-5
14.48,-5
14.49,-5
14.5,-5
14.51,-5
14.52,-5
14.53,-5
14.54,-5
14.55,-5
14.56,-5
14.57,-5
14.58,-5
14.59,-5
14.6,-5
14.61,-5
14.62,-5
14.63,-5
14.64,-5
14.65,-5
14.66,-5
14.67,-5
14.68,-5
14.69,-5
14.7,-5
14.71,-5
14.72,-5
14.73,-5
14.74,-5
14.75,-5
14.76,-5
14.77,-5
14.78,-5
14.79,-5
14.8,-5
14.81,-5
14.82,-5
14.83,-5
14.84,-5
14.85,-5
14.86,-5
14.87,-5
14.88,-5
14.89,-5
14.9,-5
14.91,-5
14.92,-5
14.93,-5
14.94,-5
14.95,-5
14.96,-5
14.97,-5
14.98,-5
14.99,-5
15,-5
15,-5
15,-4.999999995999538
15.01,-4.975000000000001
15.02,-4.950000000000003
15.03,-4.925000000000004
15.04,-4.900000000000006
15.05,-4.875
15.06,-4.850000000000001
15.07,-4.825000000000003
15.08,-4.799999999999997
15.09,-4.774999999999999
15.1,-4.75
15.11,-4.724999999999994
15.12,-4.700000000000003
15.13,-4.675000000000004
15.14,-4.650000000000006
15.15,-4.625
15.16,-4.600000000000001
15.17,-4.575000000000003
15.18,-4.549999999999997
15.19,-4.524999999999999
15.2,-4.5
15.21,-4.474999999999994
15.22,-4.450000000000003
15.23,-4.425000000000004
15.24,-4.399999999999999
15.25,-4.375
15.26,-4.350000000000001
15.27,-4.325000000000003
15.28,-4.300000000000004
15.29,-4.275000000000006
15.3,-4.25
15.31,-4.225000000000001
15.32,-4.200000000000003
15.33,-4.174999999999997
15.34,-4.149999999999999
15.35,-4.125
15.36,-4.100000000000009
15.37,-4.075000000000003
15.38,-4.050000000000004
15.39,-4.025000000000006
15.4,-4
15.41,-3.975000000000001
15.42,-3.950000000000003
15.43,-3.924999999999997
15.44,-3.899999999999999
15.45,-3.875
15.46,-3.850000000000001
15.47,-3.825000000000003
15.48,-3.800000000000004
15.49,-3.774999999999999
15.5,-3.75
15.51,-3.725000000000009
15.52,-3.700000000000003
15.53,-3.675000000000004
15.54,-3.650000000000006
15.55,-3.625
15.56,-3.600000000000001
15.57,-3.575000000000003
15.58,-3.549999999999997
15.59,-3.524999999999999
15.6,-3.5
15.61,-3.475000000000009
15.62,-3.450000000000003
15.63,-3.425000000000004
15.64,-3.400000000000006
15.65,-3.375
15.66,-3.350000000000001
15.67,-3.325000000000003
15.68,-3.299999999999997
15.69,-3.274999999999999
15.7,-3.25
15.71,-3.225000000000001
15.72,-3.200000000000003
15.73,-3.175000000000004
15.74,-3.149999999999999
15.75,-3.125
15.76,-3.100000000000009
15.77,-3.075000000000003
15.78,-3.050000000000004
15.79,-3.025000000000006
15.8,-3
15.81,-2.975000000000001
15.82,-2.950000000000003
15.83,-2.924999999999997
15.84,-2.899999999999999
15.85,-2.875
15.86,-2.850000000000009
15.87,-2.825000000000003
15.88,-2.800000000000004
15.89,-2.775000000000006
15.9,-2.75
15.91,-2.725000000000001
15.92,-2.700000000000003
15.93,-2.674999999999997
15.94,-2.649999999999999
15.95,-2.625
15.96,-2.600000000000001
15.97,-2.575000000000003
15.98,-2.550000000000004
15.99,-2.524999999999999
16,-2.5
16.01,-2.475000000000009
16.02,-2.450000000000003
16.03,-2.425000000000004
16.04,-2.400000000000006
16.05,-2.375
16.06,-2.350000000000001
16.07,-2.325000000000003
16.08,-2.300000000000004
16.09,-2.274999999999999
16.1,-2.25
16.11,-2.225000000000001
16.12,-2.200000000000003
16.13,-2.175000000000004
16.14,-2.149999999999999
16.15,-2.125
16.16,-2.100000000000001
16.17,-2.075000000000003
16.18,-2.049999999999997
16.19,-2.024999999999999
16.2,-2
16.21,-1.975000000000009
16.22,-1.950000000000003
16.23,-1.924999999999997
16.24,-1.900000000000006
16.25,-1.875
16.26,-1.850000000000009
16.27,-1.825000000000003
16.28,-1.800000000000004
16.29,-1.775000000000006
16.3,-1.75
16.31,-1.725000000000001
16.32,-1.700000000000003
16.33,-1.675000000000004
16.34,-1.649999999999999
16.35,-1.625
16.36,-1.600000000000001
16.37,-1.575000000000003
16.38,-1.550000000000004
16.39,-1.524999999999999
16.4,-1.5
16.41,-1.475000000000001
16.42,-1.450000000000003
16.43,-1.424999999999997
16.44,-1.399999999999999
16.45,-1.375
16.46,-1.350000000000009
16.47,-1.325000000000003
16.48,-1.299999999999997
16.49,-1.275000000000006
16.5,-1.25
16.51,-1.225000000000009
16.52,-1.200000000000003
16.53,-1.175000000000004
16.54,-1.150000000000006
16.55,-1.125
16.56,-1.100000000000001
16.57,-1.075000000000003
16.58,-1.050000000000004
16.59,-1.024999999999999
16.6,-1
16.61,-0.9750000000000014
16.62,-0.9500000000000028
16.63,-0.9250000000000043
16.64,-0.8999999999999986
16.65,-0.875
16.66,-0.8500000000000014
16.67,-0.8250000000000028
16.68,-0.7999999999999972
16.69,-0.7749999999999986
16.7,-0.75
16.71,-0.7250000000000085
16.72,-0.7000000000000028
16.73,-0.6749999999999972
16.74,-0.6500000000000057
16.75,-0.625
16.76,-0.6000000000000085
16.77,-0.5750000000000028
16.78,-0.5500000000000043
16.79,-0.5250000000000057
16.8,-0.5
16.81,-0.4750000000000014
16.82,-0.4500000000000028
16.83,-0.4250000000000043
16.84,-0.3999999999999986
16.85,-0.375
16.86,-0.3500000000000014
16.87,-0.3250000000000028
16.88,-0.3000000000000043
16.89,-0.2749999999999986
16.9,-0.25
16.91,-0.2250000000000014
16.92,-0.2000000000000028
16.93,-0.1749999999999972
16.94,-0.1499999999999986
16.95,-0.125
16.96,-0.1000000000000085
16.97,-0.07500000000000284
16.98,-0.04999999999999716
16.99,-0.02500000000000568
17,0
17,0
17,4.500094519244158e-09
17,0
17.01,0
17.02,0
17.03,0
17.04,0
17.05,0
17.06,0
17.07,0
17.08,0
17.09,0
17.1,0
17.11,0
17.12,0
17.13,0
17.14,0
17.15,0
17.16,0
17.17,0
17.18,0
17.19,0
17.2,0
17.21,0
17.22,0
17.23,0
17.24,0
17.25,0
17.26,0
17.27,0
17.28,0
17.29,0
17.3,0
17.31,0
17.32,0
17.33,0
17.34,0
17.35,0
17.36,0
17.37,0
17.38,0
17.39,0
17.4,0
17.41,0
17.42,0
17.43,0
17.44,0
17.45,0
17.46,0
17.47,0
17.48,0
17.49,0
17.5,0
17.51,0
17.52,0
17.53,0
17.54,0
17.55,0
17.56,0
17.57,0
17.58,0
17.59,0
17.6,0
17.61,0
17.62,0
17.63,0
17.64,0
17.65,0
17.66,0
17.67,0
17.68,0
17.69,0
17.7,0
17.71,0
17.72,0
17.73,0
17.74,0
17.75,0
17.76,0
17.77,0
17.78,0
17.79,0
17.8,0
17.81,0
17.82,0
17.83,0
17.84,0
17.85,0
17.86,0
17.87,0
17.88,0
17.89,0
17.9,0
17.91,0
17.92,0
17.93,0
17.94,0
17.95,0
17.96,0
17.97,0
17.98,0
17.99,0
18,0
18.01,0
18.02,0
18.03,0
18.04,0
18.05,0
18.06,0
18.07,0
18.08,0
18.09,0
18.1,0
18.11,0
18.12,0
18.13,0
18.14,0
18.15,0
18.16,0
18.17,0
18.18,0
18.19,0
18.2,0
18.21,0
18.22,0
18.23,0
18.24,0
18.25,0
18.26,0
18.27,0
18.28,0
18.29,0
18.3,0
18.31,0
18.32,0
18.33,0
18.34,0
18.35,0
18.36,0
18.37,0
18.38,0
18.39,0
18.4,0
18.41,0
18.42,0
18.43,0
18.44,0
18.45,0
18.46,0
18.47,0
18.48,0
18.49,0
18.5,0
18.51,0
18.52,0
18.53,0
18.54,0
18.55,0
18.56,0
18.57,0
18.58,0
18.59,0
18.6,0
18.61,0
18.62,0
18.63,0
18.64,0
18.65,0
18.66,0
18.67,0
18.68,0
18.69,0
18.7,0
18.71,0
18.72,0
18.73,0
18.74,0
18.75,0
18.76,0
18.77,0
18.78,0
18.79,0
18.8,0
18.81,0
18.82,0
18.83,0
18.84,0
18.85,0
18.86,0
18.87,0
18.88,0
18.89,0
18.9,0
18.91,0
18.92,0
18.93,0
18.94,0
18.95,0
18.96,0
18.97,0
18.98,0
18.99,0
19,0
19.01,0
19.02,0
19.03,0
19.04,0
19.05,0
19.06,0
19.07,0
19.08,0
19.09,0
19.1,0
19.11,0
19.12,0
19.13,0
19.14,0
19.15,0
19.16,0
19.17,0
19.18,0
19.19,0
19.2,0
19.21,0
19.22,0
19.23,0
19.24,0
19.25,0
19.26,0
19.27,0
19.28,0
19.29,0
19.3,0
19.31,0
19.32,0
19.33,0
19.34,0
19.35,0
19.36,0
19.37,0
19.38,0
19.39,0
19.4,0
19.41,0
19.42,0
19.43,0
19.44,0
19.45,0
19.46,0
19.47,0
19.48,0
19.49,0
19.5,0
19.51,0
19.52,0
19.53,0
19.54,0
19.55,0
19.56,0
19.57,0
19.58,0
19.59,0
19.6,0
19.61,0
19.62,0
19.63,0
19.64,0
19.65,0
19.66,0
19.67,0
19.68,0
19.69,0
19.7,0
19.71,0
19.72,0
19.73,0
19.74,0
19.75,0
19.76,0
19.77,0
19.78,0
19.79,0
19.8,0
19.81,0
19.82,0
19.83,0
19.84,0
19.85,0
19.86,0
19.87,0
19.88,0
19.89,0
19.9,0
19.91,0
19.92,0
19.93,0
19.94,0
19.95,0
19.96,0
19.97,0
19.98,0
19.99,0
20,0
20,0
20,-1.274116812055581e-09
20.01,-0.006066666666665554
20.02,-0.01213333333333466
20.03,-0.01820000000000022
20.04,-0.02426666666666755
20.05,-0.03033333333333488
20.06,-0.03640000000000043
20.07,-0.04246666666666776
20.08,-0.04853333333333332
20.09,-0.05459999999999887
20.1,-0.06066666666666798
20.11,-0.06673333333333353
20.12,-0.07280000000000086
20.13,-0.07886666666666642
20.14,-0.08493333333333197
20.15,-0.0909999999999993
20.16,-0.09706666666666841
20.17,-0.1031333333333357
20.18,-0.1092000000000013
20.19,-0.1152666666666669
20.2,-0.1213333333333342
20.21,-0.1273999999999997
20.22,-0.1334666666666688
20.23,-0.1395333333333344
20.24,-0.1456
20.25,-0.1516666666666673
20.26,-0.1577333333333328
20.27,-0.1638000000000002
20.28,-0.1698666666666657
20.29,-0.1759333333333331
20.3,-0.1820000000000022
20.31,-0.1880666666666659
20.32,-0.194133333333335
20.33,-0.2002000000000006
20.34,-0.2062666666666662
20.35,-0.2123333333333353
20.36,-0.2184000000000008
20.37,-0.2244666666666681
20.38,-0.2305333333333337
20.39,-0.2365999999999993
20.4,-0.2426666666666666
20.41,-0.2487333333333339
20.42,-0.2548000000000012
20.43,-0.2608666666666668
20.44,-0.2669333333333324
20.45,-0.2729999999999997
20.46,-0.2790666666666652
20.47,-0.2851333333333361
20.48,-0.2912000000000017
20.49,-0.2972666666666672
20.5,-0.3033333333333346
20.51,-0.3094000000000001
20.52,-0.3154666666666675
20.53,-0.321533333333333
20.54,-0.3276000000000003
20.55,-0.3336666666666677
20.56,-0.3397333333333332
20.57,-0.3458000000000006
20.58,-0.3518666666666661
20.59,-0.3579333333333317
20.6,-0.3640000000000025
20.61,-0.3700666666666681
20.62,-0.3761333333333354
20.63,-0.382200000000001
20.64,-0.3882666666666665
20.65,-0.3943333333333339
20.66,-0.4004000000000012
20.67,-0.4064666666666685
20.68,-0.4125333333333341
20.69,-0.4185999999999996
20.7,-0.424666666666667
20.71,-0.4307333333333325
20.72,-0.4368000000000016
20.73,-0.4428666666666672
20.74,-0.4489333333333327
20.75,-0.4550000000000001
20.76,-0.4610666666666656
20.77,-0.4671333333333347
20.78,-0.4732000000000003
20.79,-0.4792666666666676
20.8,-0.4853333333333349
20.81,-0.4914000000000005
20.82,-0.4974666666666678
20.83,-0.5035333333333334
20.84,-0.5095999999999989
20.85,-0.515666666666668
20.86,-0.5217333333333336
20.87,-0.5278000000000009
20.88,-0.5338666666666665
20.89,-0.539933333333332
20.9,-0.5459999999999994
20.91,-0.5520666666666685
20.92,-0.5581333333333358
20.93,-0.5642000000000014
20.94,-0.5702666666666669
20.95,-0.5763333333333343
20.96,-0.5823999999999998
20.97,-0.5884666666666689
20.98,-0.5945333333333345
20.99,-0.6006
21,-0.6066666666666674
21.01,-0.6127333333333329
21.02,-0.6188000000000002
21.03,-0.6248666666666658
21.04,-0.6309333333333331
21.05,-0.6370000000000005
21.06,-0.643066666666666
21.07,-0.6491333333333351
21.08,-0.6552000000000007
21.09,-0.6612666666666644
21.1,-0.6673333333333353
21.11,-0.6734000000000009
21.12,-0.6794666666666682
21.13,-0.6855333333333338
21.14,-0.6915999999999993
21.15,-0.6976666666666667
21.16,-0.703733333333334
21.17,-0.7098000000000013
21.18,-0.7158666666666669
21.19,-0.7219333333333324
21.2,-0.7279999999999998
21.21,-0.7340666666666653
21.22,-0.7401333333333362
21.23,-0.7462000000000018
21.24,-0.7522666666666673
21.25,-0.7583333333333346
21.26,-0.7644000000000002
21.27,-0.7704666666666675
21.28,-0.7765333333333331
21.29,-0.7826000000000004
21.3,-0.7886666666666677
21.31,-0.7947333333333333
21.32,-0.8008000000000006
21.33,-0.8068666666666662
21.34,-0.8129333333333317
21.35,-0.8190000000000026
21.36,-0.8250666666666664
21.37,-0.8311333333333355
21.38,-0.8372000000000011
21.39,-0.8432666666666666
21.4,-0.8493333333333339
21.41,-0.8554000000000013
21.42,-0.8614666666666686
21.43,-0.8675333333333342
21.44,-0.8735999999999997
21.45,-0.879666666666667
21.46,-0.8857333333333326
21.47,-0.8918000000000017
21.48,-0.8978666666666673
21.49,-0.9039333333333328
21.5,-0.9100000000000001
21.51,-0.9160666666666657
21.52,-0.9221333333333348
21.53,-0.9281999999999986
21.54,-0.9342666666666677
21.55,-0.940333333333335
21.56,-0.9464000000000006
21.57,-0.9524666666666679
21.58,-0.9585333333333335
21.59,-0.964599999999999
21.6,-0.9706666666666681
21.61,-0.9767333333333337
21.62,-0.982800000000001
21.63,-0.9888666666666666
21.64,-0.9949333333333321
21.65,-1.000999999999999
21.66,-1.007066666666669
21.67,-1.013133333333336
21.68,-1.019200000000001
21.69,-1.025266666666667
21.7,-1.031333333333334
21.71,-1.0374
21.72,-1.043466666666669
21.73,-1.049533333333335
21.74,-1.0556
21.75,-1.061666666666667
21.76,-1.067733333333333
21.77,-1.0738
21.78,-1.079866666666666
21.79,-1.085933333333333
21.8,-1.092000000000001
21.81,-1.098066666666666
21.82,-1.104133333333335
21.83,-1.110200000000001
21.84,-1.116266666666665
21.85,-1.122333333333335
21.86,-1.128400000000001
21.87,-1.134466666666668
21.88,-1.140533333333334
21.89,-1.146599999999999
21.9,-1.152666666666667
21.91,-1.158733333333334
21.92,-1.164800000000001
21.93,-1.170866666666667
21.94,-1.176933333333332
21.95,-1.183
21.96,-1.189066666666665
21.97,-1.195133333333336
21.98,-1.201200000000002
21.99,-1.207266666666667
22,-1.213333333333335
22.01,-1.2194
22.02,-1.225466666666668
22.03,-1.231533333333333
22.04,-1.2376
22.05,-1.243666666666668
22.06,-1.249733333333333
22.07,-1.255800000000001
22.08,-1.261866666666666
22.09,-1.267933333333332
22.1,-1.274000000000001
22.11,-1.280066666666666
22.12,-1.286133333333336
22.13,-1.292200000000001
22.14,-1.298266666666665
22.15,-1.304333333333334
22.16,-1.310400000000001
22.17,-1.316466666666669
22.18,-1.322533333333334
22.19,-1.3286
22.2,-1.334666666666667
22.21,-1.340733333333333
22.22,-1.346800000000002
22.23,-1.352866666666667
22.24,-1.358933333333333
22.25,-1.365
22.26,-1.371066666666666
22.27,-1.377133333333335
22.28,-1.383199999999999
22.29,-1.389266666666668
22.3,-1.395333333333335
22.31,-1.401400000000001
22.32,-1.407466666666668
22.33,-1.413533333333334
22.34,-1.419599999999999
22.35,-1.425666666666668
22.36,-1.431733333333334
22.37,-1.437800000000001
22.38,-1.443866666666667
22.39,-1.449933333333332
22.4,-1.456
22.41,-1.462066666666667
22.42,-1.468133333333336
22.43,-1.474200000000002
22.44,-1.480266666666667
22.45,-1.486333333333334
22.46,-1.4924
22.47,-1.498466666666669
22.48,-1.504533333333335
22.49,-1.5106
22.5,-1.516666666666667
22.51,-1.522733333333333
22.52,-1.5288
22.53,-1.534866666666666
22.54,-1.540933333333333
22.55,-1.547000000000001
22.56,-1.553066666666666
22.57,-1.559133333333335
22.58,-1.565199999999999
22.59,-1.571266666666665
22.6,-1.577333333333335
22.61,-1.583400000000001
22.62,-1.589466666666668
22.63,-1.595533333333334
22.64,-1.601599999999999
22.65,-1.607666666666667
22.66,-1.613733333333334
22.67,-1.619800000000001
22.68,-1.625866666666667
22.69,-1.631933333333333
22.7,-1.638
22.71,-1.644066666666665
22.72,-1.650133333333336
22.73,-1.656200000000002
22.74,-1.662266666666667
22.75,-1.668333333333335
22.76,-1.6744
22.77,-1.680466666666668
22.78,-1.686533333333333
22.79,-1.692600000000001
22.8,-1.698666666666668
22.81,-1.704733333333333
22.82,-1.710800000000001
22.83,-1.716866666666666
22.84,-1.722933333333332
22.85,-1.729000000000001
22.86,-1.735066666666667
22.87,-1.741133333333336
22.88,-1.747200000000001
22.89,-1.753266666666665
22.9,-1.759333333333334
22.91,-1.765400000000001
22.92,-1.771466666666669
22.93,-1.777533333333334
22.94,-1.7836
22.95,-1.789666666666667
22.96,-1.795733333333333
22.97,-1.801800000000002
22.98,-1.807866666666667
22.99,-1.813933333333333
23,-1.82
23,-1.820000001456023
23,-1.82
23.01,-1.82
23.02,-1.82
23.03,-1.82
23.04,-1.82
23.05,-1.82
23.06,-1.82
23.07,-1.82
23.08,-1.82
23.09,-1.82
23.1,-1.82
23.11,-1.82
23.12,-1.82
23.13,-1.82
23.14,-1.82
23.15,-1.82
23.16,-1.82
23.17,-1.82
23.18,-1.82
23.19,-1.82
23.2,-1.82
23.21,-1.82
23.22,-1.82
23.23,-1.82
23.24,-1.82
23.25,-1.82
23.26,-1.82
23.27,-1.82
23.28,-1.82
23.29,-1.82
23.3,-1.82
23.31,-1.82
23.32,-1.82
23.33,-1.82
23.34,-1.82
23.35,-1.82
23.36,-1.82
23.37,-1.82
23.38,-1.82
23.39,-1.82
23.4,-1.82
23.41,-1.82
23.42,-1.82
23.43,-1.82
23.44,-1.82
23.45,-1.82
23.46,-1.82
23.47,-1.82
23.48,-1.82
23.49,-1.82
23.5,-1.82
23.51,-1.82
23.52,-1.82
23.53,-1.82
23.54,-1.82
23.55,-1.82
23.56,-1.82
23.57,-1.82
23.58,-1.82
23.59,-1.82
23.6,-1.82
23.61,-1.82
23.62,-1.82
23.63,-1.82
23.64,-1.82
23.65,-1.82
23.66,-1.82
23.67,-1.82
23.68,-1.82
23.69,-1.82
23.7,-1.82
23.71,-1.82
23.72,-1.82
23.73,-1.82
23.74,-1.82
23.75,-1.82
23.76,-1.82
23.77,-1.82
23.78,-1.82
23.79,-1.82
23.8,-1.82
23.81,-1.82
23.82,-1.82
23.83,-1.82
23.84,-1.82
23.85,-1.82
23.86,-1.82
23.87,-1.82
23.88,-1.82
23.89,-1.82
23.9,-1.82
23.91,-1.82
23.92,-1.82
23.93,-1.82
23.94,-1.82
23.95,-1.82
23.96,-1.82
23.97,-1.82
23.98,-1.82
23.99,-1.82
24,-1.82
24.01,-1.82
24.02,-1.82
24.03,-1.82
24.04,-1.82
24.05,-1.82
24.06,-1.82
24.07,-1.82
24.08,-1.82
24.09,-1.82
24.1,-1.82
24.11,-1.82
24.12,-1.82
24.13,-1.82
24.14,-1.82
24.15,-1.82
24.16,-1.82
24.17,-1.82
24.18,-1.82
24.19,-1.82
24.2,-1.82
24.21,-1.82
24.22,-1.82
24.23,-1.82
24.24,-1.82
24.25,-1.82
24.26,-1.82
24.27,-1.82
24.28,-1.82
24.29,-1.82
24.3,-1.82
24.31,-1.82
24.32,-1.82
24.33,-1.82
24.34,-1.82
24.35,-1.82
24.36,-1.82
24.37,-1.82
24.38,-1.82
24.39,-1.82
24.4,-1.82
24.41,-1.82
24.42,-1.82
24.43,-1.82
24.44,-1.82
24.45,-1.82
24.46,-1.82
24.47,-1.82
24.48,-1.82
24.49,-1.82
24.5,-1.82
24.51,-1.82
24.52,-1.82
24.53,-1.82
24.54,-1.82
24.55,-1.82
24.56,-1.82
24.57,-1.82
24.58,-1.82
24.59,-1.82
24.6,-1.82
24.61,-1.82
24.62,-1.82
24.63,-1.82
24.64,-1.82
24.65,-1.82
24.66,-1.82
24.67,-1.82
24.68,-1.82
24.69,-1.82
24.7,-1.82
24.71,-1.82
24.72,-1.82
24.73,-1.82
24.74,-1.82
24.75,-1.82
24.76,-1.82
24.77,-1.82
24.78,-1.82
24.79,-1.82
24.8,-1.82
24.81,-1.82
24.82,-1.82
24.83,-1.82
24.84,-1.82
24.85,-1.82
24.86,-1.82
24.87,-1.82
24.88,-1.82
24.89,-1.82
24.9,-1.82
24.91,-1.82
24.92,-1.82
24.93,-1.82
24.94,-1.82
24.95,-1.82
24.96,-1.82
24.97,-1.82
24.98,-1.82
24.99,-1.82
25,-1.82
25,-1.82
25,-1.819999997633801
25.01,-1.8109
25.02,-1.8018
25.03,-1.7927
25.04,-1.7836
25.05,-1.7745
25.06,-1.7654
25.07,-1.7563
25.08,-1.747199999999999
25.09,-1.738100000000003
25.1,-1.728999999999999
25.11,-1.719899999999999
25.12,-1.710799999999999
25.13,-1.701699999999999
25.14,-1.692600000000002
25.15,-1.683500000000002
25.16,-1.674399999999999
25.17,-1.665299999999998
25.18,-1.656199999999998
25.19,-1.647100000000002
25.2,-1.638000000000002
25.21,-1.628900000000002
25.22,-1.619799999999998
25.23,-1.610699999999998
25.24,-1.601600000000001
25.25,-1.592500000000001
25.26,-1.583400000000001
25.27,-1.574300000000001
25.28,-1.565200000000001
25.29,-1.556100000000001
25.3,-1.547000000000001
25.31,-1.5379
25.32,-1.5288
25.33,-1.5197
25.34,-1.510600000000004
25.35,-1.501499999999997
25.36,-1.4924
25.37,-1.4833
25.38,-1.4742
25.39,-1.465100000000003
25.4,-1.456
25.41,-1.446899999999999
25.42,-1.437799999999999
25.43,-1.428699999999999
25.44,-1.419600000000003
25.45,-1.410499999999999
25.46,-1.401400000000002
25.47,-1.392299999999999
25.48,-1.383199999999999
25.49,-1.374100000000002
25.5,-1.364999999999998
25.51,-1.355900000000002
25.52,-1.346799999999998
25.53,-1.337700000000002
25.54,-1.328600000000002
25.55,-1.319499999999998
25.56,-1.310400000000001
25.57,-1.301299999999998
25.58,-1.292200000000001
25.59,-1.283100000000005
25.6,-1.273999999999997
25.61,-1.264900000000001
25.62,-1.255799999999997
25.63,-1.246700000000001
25.64,-1.2376
25.65,-1.2285
25.66,-1.2194
25.67,-1.210299999999997
25.68,-1.2012
25.69,-1.1921
25.7,-1.183
25.71,-1.173900000000003
25.72,-1.164799999999996
25.73,-1.1557
25.74,-1.146599999999999
25.75,-1.137499999999999
25.76,-1.128400000000003
25.77,-1.119299999999999
25.78,-1.110200000000003
25.79,-1.101099999999999
25.8,-1.091999999999999
25.81,-1.082900000000002
25.82,-1.073799999999999
25.83,-1.064700000000002
25.84,-1.055600000000002
25.85,-1.046499999999998
25.86,-1.037400000000002
25.87,-1.028299999999998
25.88,-1.019200000000001
25.89,-1.010100000000001
25.9,-1.001000000000001
25.91,-0.9919000000000011
25.92,-0.9827999999999975
25.93,-0.9737000000000009
25.94,-0.9646000000000008
25.95,-0.9555000000000007
25.96,-0.9464000000000006
25.97,-0.9372999999999969
25.98,-0.9282000000000004
25.99,-0.9191000000000003
26,-0.9100000000000001
26.01,-0.9009
26.02,-0.8917999999999999
26.03,-0.8827000000000034
26.04,-0.8735999999999997
26.05,-0.8644999999999996
26.06,-0.8553999999999995
26.07,-0.8462999999999994
26.08,-0.8371999999999993
26.09,-0.8281000000000027
26.1,-0.8189999999999991
26.11,-0.809899999999999
26.12,-0.8007999999999988
26.13,-0.7916999999999987
26.14,-0.7826000000000022
26.15,-0.7735000000000021
26.16,-0.7643999999999984
26.17,-0.7552999999999983
26.18,-0.7461999999999982
26.19,-0.7371000000000016
26.2,-0.7280000000000015
26.21,-0.7189000000000014
26.22,-0.7097999999999978
26.23,-0.7006999999999977
26.24,-0.6916000000000011
26.25,-0.682500000000001
26.26,-0.6734000000000009
26.27,-0.6643000000000008
26.28,-0.6552000000000007
26.29,-0.6461000000000006
26.3,-0.6370000000000005
26.31,-0.6279000000000003
26.32,-0.6188000000000002
26.33,-0.6097000000000001
26.34,-0.6006000000000036
26.35,-0.5914999999999999
26.36,-0.5823999999999998
26.37,-0.5732999999999997
26.38,-0.5641999999999996
26.39,-0.555100000000003
26.4,-0.5459999999999994
26.41,-0.5368999999999993
26.42,-0.5277999999999992
26.43,-0.5186999999999991
26.44,-0.5096000000000025
26.45,-0.5004999999999988
26.46,-0.4914000000000023
26.47,-0.4822999999999986
26.48,-0.4731999999999985
26.49,-0.464100000000002
26.5,-0.4549999999999983
26.51,-0.4459000000000017
26.52,-0.4367999999999981
26.53,-0.4277000000000015
26.54,-0.4186000000000014
26.55,-0.4094999999999978
26.56,-0.4004000000000012
26.57,-0.3912999999999975
26.58,-0.382200000000001
26.59,-0.3731000000000044
26.6,-0.3639999999999972
26.61,-0.3549000000000007
26.62,-0.345799999999997
26.63,-0.3367000000000004
26.64,-0.3276000000000039
26.65,-0.3185000000000002
26.66,-0.3094000000000001
26.67,-0.3002999999999965
26.68,-0.2911999999999999
26.69,-0.2820999999999998
26.7,-0.2729999999999997
26.71,-0.2639000000000031
26.72,-0.2547999999999959
26.73,-0.2456999999999994
26.74,-0.2365999999999993
26.75,-0.2274999999999991
26.76,-0.2184000000000026
26.77,-0.2092999999999989
26.78,-0.2002000000000024
26.79,-0.1910999999999987
26.8,-0.1819999999999986
26.81,-0.1729000000000021
26.82,-0.1637999999999984
26.83,-0.1547000000000018
26.84,-0.1456000000000017
26.85,-0.1364999999999981
26.86,-0.1274000000000015
26.87,-0.1182999999999979
26.88,-0.1092000000000013
26.89,-0.1001000000000012
26.9,-0.09100000000000108
26.91,-0.08190000000000097
26.92,-0.07279999999999731
26.93,-0.06370000000000076
26.94,-0.05460000000000065
26.95,-0.04550000000000054
26.96,-0.03640000000000043
26.97,-0.02729999999999677
26.98,-0.01820000000000022
26.99,-0.009100000000000108
27,0
27,0
27,2.548031119431471e-09
27,0
27.01,0
27.02,0
27.03,0
27.04,0
27.05,0
27.06,0
27.07,0
27.08,0
27.09,0
27.1,0
27.11,0
27.12,0
27.13,0
27.14,0
27.15,0
27.16,0
27.17,0
27.18,0
27.19,0
27.2,0
27.21,0
27.22,0
27.23,0
27.24,0
27.25,0
27.26,0
27.27,0
27.28,0
27.29,0
27.3,0
27.31,0
27.32,0
27.33,0
27.34,0
27.35,0
27.36,0
27.37,0
27.38,0
27.39,0
27.4,0
27.41,0
27.42,0
27.43,0
27.44,0
27.45,0
27.46,0
27.47,0
27.48,0
27.49,0
27.5,0
27.51,0
27.52,0
27.53,0
27.54,0
27.55,0
27.56,0
27.57,0
27.58,0
27.59,0
27.6,0
27.61,0
27.62,0
27.63,0
27.64,0
27.65,0
27.66,0
27.67,0
27.68,0
27.69,0
27.7,0
27.71,0
27.72,0
27.73,0
27.74,0
27.75,0
27.76,0
27.77,0
27.78,0
27.79,0
27.8,0
27.81,0
27.82,0
27.83,0
27.84,0
27.85,0
27.86,0
27.87,0
27.88,0
27.89,0
27.9,0
27.91,0
27.92,0
27.93,0
27.94,0
27.95,0
27.96,0
27.97,0
27.98,0
27.99,0
28,0
28.01,0
28.02,0
28.03,0
28.04,0
28.05,0
28.06,0
28.07,0
28.08,0
28.09,0
28.1,0
28.11,0
28.12,0
28.13,0
28.14,0
28.15,0
28.16,0
28.17,0
28.18,0
28.19,0
28.2,0
28.21,0
28.22,0
28.23,0
28.24,0
28.25,0
28.26,0
28.27,0
28.28,0
28.29,0
28.3,0
28.31,0
28.32,0
28.33,0
28.34,0
28.35,0
28.36,0
28.37,0
28.38,0
28.39,0
28.4,0
28.41,0
28.42,0
28.43,0
28.44,0
28.45,0
28.46,0
28.47,0
28.48,0
28.49,0
28.5,0
28.51,0
28.52,0
28.53,0
28.54,0
28.55,0
28.56,0
28.57,0
28.58,0
28.59,0
28.6,0
28.61,0
28.62,0
28.63,0
28.64,0
28.65,0
28.66,0
28.67,0
28.68,0
28.69,0
28.7,0
28.71,0
28.72,0
28.73,0
28.74,0
28.75,0
28.76,0
28.77,0
28.78,0
28.79,0
28.8,0
28.81,0
28.82,0
28.83,0
28.84,0
28.85,0
28.86,0
28.87,0
28.88,0
28.89,0
28.9,0
28.91,0
28.92,0
28.93,0
28.94,0
28.95,0
28.96,0
28.97,0
28.98,0
28.99,0
29,0
29.01,0
29.02,0
29.03,0
29.04,0
29.05,0
29.06,0
29.07,0
29.08,0
29.09,0
29.1,0
29.11,0
29.12,0
29.13,0
29.14,0
29.15,0
29.16,0
29.17,0
29.18,0
29.19,0
29.2,0
29.21,0
29.22,0
29.23,0
29.24,0
29.25,0
29.26,0
29.27,0
29.28,0
29.29,0
29.3,0
29.31,0
29.32,0
29.33,0
29.34,0
29.35,0
29.36,0
29.37,0
29.38,0
29.39,0
29.4,0
29.41,0
29.42,0
29.43,0
29.44,0
29.45,0
29.46,0
29.47,0
29.48,0
29.49,0
29.5,0
29.51,0
29.52,0
29.53,0
29.54,0
29.55,0
29.56,0
29.57,0
29.58,0
29.59,0
29.6,0
29.61,0
29.62,0
29.63,0
29.64,0
29.65,0
29.66,0
29.67,0
29.68,0
29.69,0
29.7,0
29.71,0
29.72,0
29.73,0
29.74,0
29.75,0
29.76,0
29.77,0
29.78,0
29.79,0
29.8,0
29.81,0
29.82,0
29.83,0
29.84,0
29.85,0
29.86,0
29.87,0
29.88,0
29.89,0
29.9,0
29.91,0
29.92,0
29.93,0
29.94,0
29.95,0
29.96,0
29.97,0
29.98,0
29.99,0
30,0
30.01,0
30.02,0
30.03,0
30.04,0
30.05,0
30.06,0
30.07,0
30.08,0
30.09,0
30.1,0
30.11,0
30.12,0
30.13,0
30.14,0
30.15,0
30.16,0
30.17,0
30.18,0
30.19,0
30.2,0
30.21,0
30.22,0
30.23,0
30.24,0
30.25,0
30.26,0
30.27,0
30.28,0
30.29,0
30.3,0
30.31,0
30.32,0
30.33,0
30.34,0
30.35,0
30.36,0
30.37,0
30.38,0
30.39,0
30.4,0
30.41,0
30.42,0
30.43,0
30.44,0
30.45,0
30.46,0
30.47,0
30.48,0
30.49,0
30.5,0
30.51,0
30.52,0
30.53,0
30.54,0
30.55,0
30.56,0
30.57,0
30.58,0
30.59,0
30.6,0
30.61,0
30.62,0
30.63,0
30.64,0
30.65,0
30.66,0
30.67,0
30.68,0
30.69,0
30.7,0
30.71,0
30.72,0
30.73,0
30.74,0
30.75,0
30.76,0
30.77,0
30.78,0
30.79,0
30.8,0
30.81,0
30.82,0
30.83,0
30.84,0
30.85,0
30.86,0
30.87,0
30.88,0
30.89,0
30.9,0
30.91,0
30.92,0
30.93,0
30.94,0
30.95,0
30.96,0
30.97,0
30.98,0
30.99,0
31,0
31,0
31,-8.08002198482427e-09
31.01,-0.02524999999999977
31.02,-0.05049999999999955
31.03,-0.07574999999999932
31.04,-0.1009999999999991
31.05,-0.1262500000000131
31.06,-0.1514999999999986
31.07,-0.1767499999999984
31.08,-0.2019999999999982
31.09,-0.227249999999998
31.1,-0.2525000000000119
31.11,-0.2777499999999975
31.12,-0.3029999999999973
31.13,-0.328249999999997
31.14,-0.3534999999999968
31.15,-0.3787499999999966
31.16,-0.4040000000000106
31.17,-0.4292499999999961
31.18,-0.4545000000000101
31.19,-0.4797499999999957
31.2,-0.5050000000000097
31.21,-0.5302499999999952
31.22,-0.555499999999995
31.23,-0.580750000000009
31.24,-0.6060000000000088
31.25,-0.6312500000000085
31.26,-0.6564999999999941
31.27,-0.6817499999999939
31.28,-0.7069999999999936
31.29,-0.7322500000000076
31.3,-0.7575000000000074
31.31,-0.7827500000000072
31.32,-0.8079999999999927
31.33,-0.8332500000000067
31.34,-0.8584999999999923
31.35,-0.8837500000000063
31.36,-0.909000000000006
31.37,-0.9342500000000058
31.38,-0.9595000000000056
31.39,-0.9847499999999911
31.4,-1.010000000000005
31.41,-1.035250000000005
31.42,-1.060500000000005
31.43,-1.085750000000004
31.44,-1.111000000000004
31.45,-1.136250000000004
31.46,-1.161500000000004
31.47,-1.186749999999989
31.48,-1.212000000000003
31.49,-1.237250000000003
31.5,-1.262500000000003
31.51,-1.287750000000003
31.52,-1.313000000000002
31.53,-1.338250000000002
31.54,-1.363500000000002
31.55,-1.388750000000002
31.56,-1.414000000000001
31.57,-1.439250000000001
31.58,-1.464500000000001
31.59,-1.489750000000001
31.6,-1.515000000000015
31.61,-1.54025
31.62,-1.5655
31.63,-1.59075
31.64,-1.616
31.65,-1.641249999999999
31.66,-1.666499999999999
31.67,-1.691749999999999
31.68,-1.716999999999999
31.69,-1.742249999999999
31.7,-1.767499999999998
31.71,-1.792749999999998
31.72,-1.817999999999998
31.73,-1.843250000000012
31.74,-1.868499999999997
31.75,-1.893750000000011
31.76,-1.918999999999997
31.77,-1.944249999999997
31.78,-1.969499999999996
31.79,-1.99475000000001
31.8,-2.02000000000001
31.81,-2.045249999999996
31.82,-2.070499999999996
31.83,-2.095749999999995
31.84,-2.120999999999995
31.85,-2.146250000000009
31.86,-2.171500000000009
31.87,-2.196749999999994
31.88,-2.222000000000008
31.89,-2.247249999999994
31.9,-2.272500000000008
31.91,-2.297750000000008
31.92,-2.323000000000008
31.93,-2.348250000000007
31.94,-2.373500000000007
31.95,-2.398750000000007
31.96,-2.423999999999992
31.97,-2.449249999999992
31.98,-2.474500000000006
31.99,-2.499750000000006
32,-2.525000000000006
32.01,-2.550250000000005
32.02,-2.575499999999991
32.03,-2.600750000000005
32.04,-2.626000000000005
32.05,-2.651250000000005
32.06,-2.67649999999999
32.07,-2.701750000000004
32.08,-2.727000000000004
32.09,-2.752249999999989
32.1,-2.777500000000003
32.11,-2.802750000000003
32.12,-2.828000000000003
32.13,-2.853250000000017
32.14,-2.878500000000003
32.15,-2.903750000000002
32.16,-2.929000000000002
32.17,-2.954249999999988
32.18,-2.979500000000002
32.19,-3.004750000000001
32.2,-3.030000000000015
32.21,-3.055250000000001
32.22,-3.080500000000001
32.23,-3.10575
32.24,-3.130999999999986
32.25,-3.15625
32.26,-3.1815
32.27,-3.20675
32.28,-3.232000000000014
32.29,-3.257249999999999
32.3,-3.282499999999999
32.31,-3.307749999999999
32.32,-3.333000000000013
32.33,-3.358249999999998
32.34,-3.383499999999998
32.35,-3.408750000000012
32.36,-3.433999999999997
32.37,-3.459249999999997
32.38,-3.484500000000011
32.39,-3.509750000000011
32.4,-3.534999999999997
32.41,-3.560249999999996
32.42,-3.585499999999996
32.43,-3.61075000000001
32.44,-3.635999999999996
32.45,-3.66125000000001
32.46,-3.686500000000009
32.47,-3.711750000000009
32.48,-3.736999999999995
32.49,-3.762249999999995
32.5,-3.787500000000009
32.51,-3.812749999999994
32.52,-3.837999999999994
32.53,-3.863250000000008
32.54,-3.888500000000008
32.55,-3.913749999999993
32.56,-3.938999999999993
32.57,-3.964250000000007
32.58,-3.989500000000007
32.59,-4.014749999999992
32.6,-4.040000000000006
32.61,-4.065250000000006
32.62,-4.090500000000006
32.63,-4.115750000000006
32.64,-4.141000000000005
32.65,-4.166250000000005
32.66,-4.191499999999991
32.67,-4.21674999999999
32.68,-4.242000000000004
32.69,-4.267250000000004
32.7,-4.292500000000018
32.71,-4.317750000000004
32.72,-4.343000000000004
32.73,-4.368250000000003
32.74,-4.393499999999989
32.75,-4.418750000000003
32.76,-4.444000000000003
32.77,-4.469250000000002
32.78,-4.494500000000002
32.79,-4.519750000000002
32.8,-4.545000000000002
32.81,-4.570249999999987
32.82,-4.595500000000001
32.83,-4.620750000000001
32.84,-4.646000000000001
32.85,-4.671250000000015
32.86,-4.6965
32.87,-4.72175
32.88,-4.747000000000014
32.89,-4.772250000000014
32.9,-4.797499999999999
32.91,-4.822749999999999
32.92,-4.847999999999999
32.93,-4.873249999999999
32.94,-4.898499999999999
32.95,-4.923750000000013
32.96,-4.949000000000012
32.97,-4.974249999999998
32.98,-4.999499999999998
32.99,-5.024749999999997
33,-5.050000000000011
33,-5.050000008585783
33,-5.05
33.01,-5.05
33.02,-5.05
33.03,-5.05
33.04,-5.05
33.05,-5.05
33.06,-5.05
33.07,-5.05
33.08,-5.05
33.09,-5.05
33.1,-5.05
33.11,-5.05
33.12,-5.05
33.13,-5.05
33.14,-5.05
33.15,-5.05
33.16,-5.05
33.17,-5.05
33.18,-5.05
33.19,-5.05
33.2,-5.05
33.21,-5.05
33.22,-5.05
33.23,-5.05
33.24,-5.05
33.25,-5.05
33.26,-5.05
33.27,-5.05
33.28,-5.05
33.29,-5.05
33.3,-5.05
33.31,-5.05
33.32,-5.05
33.33,-5.05
33.34,-5.05
33.35,-5.05
33.36,-5.05
33.37,-5.05
33.38,-5.05
33.39,-5.05
33.4,-5.05
33.41,-5.05
33.42,-5.05
33.43,-5.05
33.44,-5.05
33.45,-5.05
33.46,-5.05
33.47,-5.05
33.48,-5.05
33.49,-5.05
33.5,-5.05
33.51,-5.05
33.52,-5.05
33.53,-5.05
33.54,-5.05
33.55,-5.05
33.56,-5.05
33.57,-5.05
33.58,-5.05
33.59,-5.05
33.6,-5.05
33.61,-5.05
33.62,-5.05
33.63,-5.05
33.64,-5.05
33.65,-5.05
33.66,-5.05
33.67,-5.05
33.68,-5.05
33.69,-5.05
33.7,-5.05
33.71,-5.05
33.72,-5.05
33.73,-5.05
33.74,-5.05
33.75,-5.05
33.76,-5.05
33.77,-5.05
33.78,-5.05
33.79,-5.05
33.8,-5.05
33.81,-5.05
33.82,-5.05
33.83,-5.05
33.84,-5.05
33.85,-5.05
33.86,-5.05
33.87,-5.05
33.88,-5.05
33.89,-5.05
33.9,-5.05
33.91,-5.05
33.92,-5.05
33.93,-5.05
33.94,-5.05
33.95,-5.05
33.96,-5.05
33.97,-5.05
33.98,-5.05
33.99,-5.05
34,-5.05
34.01,-5.05
34.02,-5.05
34.03,-5.05
34.04,-5.05
34.05,-5.05
34.06,-5.05
34.07,-5.05
34.08,-5.05
34.09,-5.05
34.1,-5.05
34.11,-5.05
34.12,-5.05
34.13,-5.05
34.14,-5.05
34.15,-5.05
34.16,-5.05
34.17,-5.05
34.18,-5.05
34.19,-5.05
34.2,-5.05
34.21,-5.05
34.22,-5.05
34.23,-5.05
34.24,-5.05
34.25,-5.05
34.26,-5.05
34.27,-5.05
34.28,-5.05
34.29,-5.05
34.3,-5.05
34.31,-5.05
34.32,-5.05
34.33,-5.05
34.34,-5.05
34.35,-5.05
34.36,-5.05
34.37,-5.05
34.38,-5.05
34.39,-5.05
34.4,-5.05
34.41,-5.05
34.42,-5.05
34.43,-5.05
34.44,-5.05
34.45,-5.05
34.46,-5.05
34.47,-5.05
34.48,-5.05
34.49,-5.05
34.5,-5.05
34.51,-5.05
34.52,-5.05
34.53,-5.05
34.54,-5.05
34.55,-5.05
34.56,-5.05
34.57,-5.05
34.58,-5.05
34.59,-5.05
34.6,-5.05
34.61,-5.05
34.62,-5.05
34.63,-5.05
34.64,-5.05
34.65,-5.05
34.66,-5.05
34.67,-5.05
34.68,-5.05
34.69,-5.05
34.7,-5.05
34.71,-5.05
34.72,-5.05
34.73,-5.05
34.74,-5.05
34.75,-5.05
34.76,-5.05
34.77,-5.05
34.78,-5.05
34.79,-5.05
34.8,-5.05
34.81,-5.05
34.82,-5.05
34.83,-5.05
34.84,-5.05
34.85,-5.05
34.86,-5.05
34.87,-5.05
34.88,-5.05
34.89,-5.05
34.9,-5.05
34.91,-5.05
34.92,-5.05
34.93,-5.05
34.94,-5.05
34.95,-5.05
34.96,-5.05
34.97,-5.05
34.98,-5.05
34.99,-5.05
35,-5.05
35.01,-5.05
35.02,-5.05
35.03,-5.05
35.04,-5.05
35.05,-5.05
35.06,-5.05
35.07,-5.05
35.08,-5.05
35.09,-5.05
35.1,-5.05
35.11,-5.05
35.12,-5.05
35.13,-5.05
35.14,-5.05
35.15,-5.05
35.16,-5.05
35.17,-5.05
35.18,-5.05
35.19,-5.05
35.2,-5.05
35.21,-5.05
35.22,-5.05
35.23,-5.05
35.24,-5.05
35.25,-5.05
35.26,-5.05
35.27,-5.05
35.28,-5.05
35.29,-5.05
35.3,-5.05
35.31,-5.05
35.32,-5.05
35.33,-5.05
35.34,-5.05
35.35,-5.05
35.36,-5.05
35.37,-5.05
35.38,-5.05
35.39,-5.05
35.4,-5.05
35.41,-5.05
35.42,-5.05
35.43,-5.05
35.44,-5.05
35.45,-5.05
35.46,-5.05
35.47,-5.05
35.48,-5.05
35.49,-5.05
35.5,-5.05
35.51,-5.05
35.52,-5.05
35.53,-5.05
35.54,-5.05
35.55,-5.05
35.56,-5.05
35.57,-5.05
35.58,-5.05
35.59,-5.05
35.6,-5.05
35.61,-5.05
35.62,-5.05
35.63,-5.05
35.64,-5.05
35.65,-5.05
35.66,-5.05
35.67,-5.05
35.68,-5.05
35.69,-5.05
35.7,-5.05
35.71,-5.05
35.72,-5.05
35.73,-5.05
35.74,-5.05
35.75,-5.05
35.76,-5.05
35.77,-5.05
35.78,-5.05
35.79,-5.05
35.8,-5.05
35.81,-5.05
35.82,-5.05
35.83,-5.05
35.84,-5.05
35.85,-5.05
35.86,-5.05
35.87,-5.05
35.88,-5.05
35.89,-5.05
35.9,-5.05
35.91,-5.05
35.92,-5.05
35.93,-5.05
35.94,-5.05
35.95,-5.05
35.96,-5.05
35.97,-5.05
35.98,-5.05
35.99,-5.05
36,-5.05
36,-5.05
36,-5.049999990657213
36.01,-5.024749999999997
36.02,-4.999499999999998
36.03,-4.974250000000012
36.04,-4.948999999999998
36.05,-4.923749999999998
36.06,-4.898499999999999
36.07,-4.873249999999985
36.08,-4.847999999999999
36.09,-4.822749999999985
36.1,-4.797499999999985
36.11,-4.77225
36.12,-4.747
36.13,-4.72175
36.14,-4.696499999999986
36.15,-4.671250000000001
36.16,-4.646000000000001
36.17,-4.620750000000001
36.18,-4.595500000000015
36.19,-4.570249999999973
36.2,-4.544999999999987
36.21,-4.519749999999988
36.22,-4.494499999999988
36.23,-4.469250000000002
36.24,-4.443999999999988
36.25,-4.418749999999989
36.26,-4.393500000000003
36.27,-4.368250000000003
36.28,-4.343000000000004
36.29,-4.31774999999999
36.3,-4.292500000000004
36.31,-4.267250000000004
36.32,-4.24199999999999
36.33,-4.21674999999999
36.34,-4.191499999999976
36.35,-4.166249999999991
36.36,-4.140999999999991
36.37,-4.115749999999991
36.38,-4.090500000000006
36.39,-4.065249999999992
36.4,-4.039999999999992
36.41,-4.014750000000006
36.42,-3.989500000000007
36.43,-3.964250000000007
36.44,-3.938999999999979
36.45,-3.913749999999979
36.46,-3.888499999999993
36.47,-3.863249999999994
36.48,-3.837999999999994
36.49,-3.81274999999998
36.5,-3.787499999999994
36.51,-3.762249999999995
36.52,-3.737000000000009
36.53,-3.711750000000009
36.54,-3.686499999999995
36.55,-3.661249999999995
36.56,-3.63600000000001
36.57,-3.610749999999996
36.58,-3.585499999999996
36.59,-3.560249999999982
36.6,-3.534999999999982
36.61,-3.509749999999997
36.62,-3.484499999999997
36.63,-3.459249999999997
36.64,-3.433999999999997
36.65,-3.408749999999998
36.66,-3.383499999999998
36.67,-3.358250000000012
36.68,-3.333000000000013
36.69,-3.307749999999984
36.7,-3.282499999999985
36.71,-3.257249999999985
36.72,-3.231999999999999
36.73,-3.20675
36.74,-3.181499999999986
36.75,-3.156249999999986
36.76,-3.131
36.77,-3.10575
36.78,-3.080500000000001
36.79,-3.055250000000001
36.8,-3.030000000000001
36.81,-3.004750000000001
36.82,-2.979499999999987
36.83,-2.954250000000002
36.84,-2.928999999999988
36.85,-2.903749999999988
36.86,-2.878499999999988
36.87,-2.853250000000003
36.88,-2.828000000000003
36.89,-2.802749999999989
36.9,-2.777499999999989
36.91,-2.752250000000004
36.92,-2.727000000000004
36.93,-2.701750000000004
36.94,-2.676499999999976
36.95,-2.65124999999999
36.96,-2.625999999999991
36.97,-2.600749999999991
36.98,-2.575500000000005
36.99,-2.550249999999991
37,-2.524999999999991
37.01,-2.499749999999992
37.02,-2.474500000000006
37.03,-2.449250000000006
37.04,-2.423999999999992
37.05,-2.398749999999993
37.06,-2.373500000000007
37.07,-2.348249999999993
37.08,-2.322999999999993
37.09,-2.297749999999979
37.1,-2.272499999999994
37.11,-2.247249999999994
37.12,-2.221999999999994
37.13,-2.196750000000009
37.14,-2.171499999999995
37.15,-2.146249999999995
37.16,-2.120999999999995
37.17,-2.09575000000001
37.18,-2.07050000000001
37.19,-2.045249999999982
37.2,-2.019999999999982
37.21,-1.994749999999996
37.22,-1.969499999999996
37.23,-1.944249999999997
37.24,-1.918999999999983
37.25,-1.893749999999997
37.26,-1.868499999999997
37.27,-1.843249999999998
37.28,-1.818000000000012
37.29,-1.792749999999998
37.3,-1.767499999999998
37.31,-1.742249999999999
37.32,-1.716999999999985
37.33,-1.691749999999999
37.34,-1.666499999999985
37.35,-1.641249999999985
37.36,-1.616
37.37,-1.59075
37.38,-1.5655
37.39,-1.540249999999986
37.4,-1.515000000000001
37.41,-1.489750000000001
37.42,-1.464500000000001
37.43,-1.439250000000015
37.44,-1.413999999999973
37.45,-1.388749999999987
37.46,-1.363499999999988
37.47,-1.338249999999988
37.48,-1.313000000000002
37.49,-1.287749999999988
37.5,-1.262499999999989
37.51,-1.237250000000003
37.52,-1.212000000000003
37.53,-1.186750000000004
37.54,-1.16149999999999
37.55,-1.136250000000004
37.56,-1.111000000000004
37.57,-1.08574999999999
37.58,-1.06049999999999
37.59,-1.035249999999976
37.6,-1.009999999999991
37.61,-0.9847499999999911
37.62,-0.9594999999999914
37.63,-0.9342500000000058
37.64,-0.9089999999999918
37.65,-0.883749999999992
37.66,-0.8585000000000065
37.67,-0.8332500000000067
37.68,-0.8080000000000069
37.69,-0.7827499999999787
37.7,-0.757499999999979
37.71,-0.7322499999999934
37.72,-0.7069999999999936
37.7295,-0.6830331194720998
37.7295,-0.6830331194720998
37.73,-0.6817499999999939
37.74,-0.6564999999999799
37.75,-0.6312499999999943
37.76,-0.6059999999999945
37.77,-0.580750000000009
37.78,-0.5555000000000092
37.79,-0.5302499999999952
37.8,-0.5049999999999955
37.81,-0.4797500000000099
37.82,-0.4544999999999959
37.83,-0.4292499999999961
37.84,-0.4039999999999822
37.85,-0.3787499999999824
37.86,-0.3534999999999968
37.87,-0.328249999999997
37.88,-0.3029999999999973
37.89,-0.2777499999999975
37.9,-0.2524999999999977
37.91,-0.227249999999998
37.92,-0.2020000000000124
37.93,-0.1767500000000126
37.94,-0.1514999999999844
37.95,-0.1262499999999847
37.96,-0.1009999999999849
37.97,-0.07574999999999932
37.98,-0.05049999999999955
37.99,-0.02524999999998556
38,1.4210854715202e-14
38,1.4210854715202e-14
38,9.848548643276445e-09
38,0
38.01,0
38.02,0
38.03,0
38.04,0
38.05,0
38.06,0
38.07,0
38.08,0
38.09,0
38.1,0
38.11,0
38.12,0
38.13,0
38.14,0
38.15,0
38.15,0
